"post_id","post_name","post_author","post_date","post_type","post_status","post_title","post_content","post_category","post_tags","custom_field"
,【アミノレスキュー（aminoRESQ)セット】8種のアミノ酸配合 アミノレスキューシャンプー アミノトリートメント スムース スカルプ アミノ酸シャンプー トリートメント スムースシャンプー,admin,,post,publish,【アミノレスキュー（aminoRESQ)セット】8種のアミノ酸配合 アミノレスキューシャンプー アミノトリートメント スムース スカルプ アミノ酸シャンプー トリートメント スムースシャンプー,【アミノレスキュー（aminoRESQ)セット】8種のアミノ酸配合 アミノレスキューシャンプー アミノトリートメント スムース スカルプ アミノ酸シャンプー トリートメント スムースシャンプー,,,
,30％OFFクーポン配布中！2月18日09時59分までオルナ オーガニック シャンプー ＆ トリートメント 500ml ボトル セット ALLNA ORGANICアミノシャンプー アミノ酸シャンプー 無添加 無香料 美容室 ノンシリコン アロマ アミノ アミノ酸 洗い流す 無添加シャンプー,admin,,post,publish,30％OFFクーポン配布中！2月18日09時59分までオルナ オーガニック シャンプー ＆ トリートメント 500ml ボトル セット ALLNA ORGANICアミノシャンプー アミノ酸シャンプー 無添加 無香料 美容室 ノンシリコン アロマ アミノ アミノ酸 洗い流す 無添加シャンプー,30％OFFクーポン配布中！2月18日09時59分までオルナ オーガニック シャンプー ＆ トリートメント 500ml ボトル セット ALLNA ORGANICアミノシャンプー アミノ酸シャンプー 無添加 無香料 美容室 ノンシリコン アロマ アミノ アミノ酸 洗い流す 無添加シャンプー,,,
,＼送料無料＆最大1,000円OFFクーポン配布中／【BOTANIST ボタニカル シャンプー・トリートメント】ボタニスト ヘアケア コンディショナー ダメージ スカルプ,admin,,post,publish,＼送料無料＆最大1,000円OFFクーポン配布中／【BOTANIST ボタニカル シャンプー・トリートメント】ボタニスト ヘアケア コンディショナー ダメージ スカルプ,＼送料無料＆最大1,000円OFFクーポン配布中／【BOTANIST ボタニカル シャンプー・トリートメント】ボタニスト ヘアケア コンディショナー ダメージ スカルプ,,,
,《25%OFF》100%天然由来ノンシリコンシャンプーharu　kurokamiスカルプ3本セット,admin,,post,publish,《25%OFF》100%天然由来ノンシリコンシャンプーharu　kurokamiスカルプ3本セット,《25%OFF》100%天然由来ノンシリコンシャンプーharu　kurokamiスカルプ3本セット,,,
,【ポイント5倍＆送料無料】スカルプDシャンプー[頭皮タイプ別3種] 「9年連続」1位 男性シャンプーシェア|オイリー[脂性] ストロング[超脂性] ドライ[乾燥] スカルプd シャンプー アンファーストア スカルプD メンズ 男性用 頭皮 スカルプD すかるぷ,admin,,post,publish,【ポイント5倍＆送料無料】スカルプDシャンプー[頭皮タイプ別3種] 「9年連続」1位 男性シャンプーシェア|オイリー[脂性] ストロング[超脂性] ドライ[乾燥] スカルプd シャンプー アンファーストア スカルプD メンズ 男性用 頭皮 スカルプD すかるぷ,【ポイント5倍＆送料無料】スカルプDシャンプー[頭皮タイプ別3種] 「9年連続」1位 男性シャンプーシェア|オイリー[脂性] ストロング[超脂性] ドライ[乾燥] スカルプd シャンプー アンファーストア スカルプD メンズ 男性用 頭皮 スカルプD すかるぷ,,,
,＼送料無料＆最大1,000円OFFクーポン配布中／【BOTANIST ボタニスト 詰め替え用パウチ】ボタニカル シャンプー／ボタニカル トリートメントつめかえ 詰替 リフィル [単品],admin,,post,publish,＼送料無料＆最大1,000円OFFクーポン配布中／【BOTANIST ボタニスト 詰め替え用パウチ】ボタニカル シャンプー／ボタニカル トリートメントつめかえ 詰替 リフィル [単品],＼送料無料＆最大1,000円OFFクーポン配布中／【BOTANIST ボタニスト 詰め替え用パウチ】ボタニカル シャンプー／ボタニカル トリートメントつめかえ 詰替 リフィル [単品],,,
,【楽天ランキング第1位！】男のヘアケア対策に！頭皮・毛髪のお悩みにおすすめのスカルプシャンプー！！プレミアムブラックシャンプー 【 男性 メンズ シャンプー ノンシリコン アミノ酸系 薄毛 抜毛 ふけかゆみの予防 オススメ ギフト 防止 人気 黒】,admin,,post,publish,【楽天ランキング第1位！】男のヘアケア対策に！頭皮・毛髪のお悩みにおすすめのスカルプシャンプー！！プレミアムブラックシャンプー 【 男性 メンズ シャンプー ノンシリコン アミノ酸系 薄毛 抜毛 ふけかゆみの予防 オススメ ギフト 防止 人気 黒】,【楽天ランキング第1位！】男のヘアケア対策に！頭皮・毛髪のお悩みにおすすめのスカルプシャンプー！！プレミアムブラックシャンプー 【 男性 メンズ シャンプー ノンシリコン アミノ酸系 薄毛 抜毛 ふけかゆみの予防 オススメ ギフト 防止 人気 黒】,,,
,コタ アイケア シャンプー 800ml ＋ トリートメント1000g 種類が選べる《y・k》計2本セット |cota コタ おすすめ品 美容室 コタy コタk ポンプセット 本体 オーガニック サロン専売品 美容院 美容室【送料無料】【あす楽対応】,admin,,post,publish,コタ アイケア シャンプー 800ml ＋ トリートメント1000g 種類が選べる《y・k》計2本セット |cota コタ おすすめ品 美容室 コタy コタk ポンプセット 本体 オーガニック サロン専売品 美容院 美容室【送料無料】【あす楽対応】,コタ アイケア シャンプー 800ml ＋ トリートメント1000g 種類が選べる《y・k》計2本セット |cota コタ おすすめ品 美容室 コタy コタk ポンプセット 本体 オーガニック サロン専売品 美容院 美容室【送料無料】【あす楽対応】,,,
,100%天然由来ノンシリコンシャンプーharu　kurokamiスカルプ。芸能人やママモデルも愛用中♪,admin,,post,publish,100%天然由来ノンシリコンシャンプーharu　kurokamiスカルプ。芸能人やママモデルも愛用中♪,100%天然由来ノンシリコンシャンプーharu　kurokamiスカルプ。芸能人やママモデルも愛用中♪,,,
,【2月キャンペーン価格】【医薬部外品】AFC 薬用 アミノ酸シャンプー爽快柑 大容量ボトル 700mL,admin,,post,publish,【2月キャンペーン価格】【医薬部外品】AFC 薬用 アミノ酸シャンプー爽快柑 大容量ボトル 700mL,【2月キャンペーン価格】【医薬部外品】AFC 薬用 アミノ酸シャンプー爽快柑 大容量ボトル 700mL,,,
,【アウトレット】メリット シャンプー つめかえ用(1.2L)【イチオシ】【メリット】,admin,,post,publish,【アウトレット】メリット シャンプー つめかえ用(1.2L)【イチオシ】【メリット】,【アウトレット】メリット シャンプー つめかえ用(1.2L)【イチオシ】【メリット】,,,
,【ポイント5倍＆送料無料】スカルプDシャンプー 定番2点セット「9年連続」1位 男性シャンプーシェア [シャンプー＆コンディショナー][医薬部外品]|育毛シャンプー 薬用 アンファー シャンプー メンズ 育毛 薄毛 頭皮ケア,admin,,post,publish,【ポイント5倍＆送料無料】スカルプDシャンプー 定番2点セット「9年連続」1位 男性シャンプーシェア [シャンプー＆コンディショナー][医薬部外品]|育毛シャンプー 薬用 アンファー シャンプー メンズ 育毛 薄毛 頭皮ケア,【ポイント5倍＆送料無料】スカルプDシャンプー 定番2点セット「9年連続」1位 男性シャンプーシェア [シャンプー＆コンディショナー][医薬部外品]|育毛シャンプー 薬用 アンファー シャンプー メンズ 育毛 薄毛 頭皮ケア,,,
,レビュー4.5以上★楽天1位 ラグジー シャンプー ヘアパック セット 3秒に1本売れるシャンプー ラグジー laggie スカルプ シャンプー ノンシリコンシャンプー アミノ酸シャンプー ボタニカル 成分 配合,admin,,post,publish,レビュー4.5以上★楽天1位 ラグジー シャンプー ヘアパック セット 3秒に1本売れるシャンプー ラグジー laggie スカルプ シャンプー ノンシリコンシャンプー アミノ酸シャンプー ボタニカル 成分 配合,レビュー4.5以上★楽天1位 ラグジー シャンプー ヘアパック セット 3秒に1本売れるシャンプー ラグジー laggie スカルプ シャンプー ノンシリコンシャンプー アミノ酸シャンプー ボタニカル 成分 配合,,,
,オルナ オーガニック ボタニカル シャンプー／トリートメント 無添加 ノンシリコン アミノ酸 弱酸性 400ml シャンプー トリートメント【 詰め替え用 】 ALLNA ORGANIC,admin,,post,publish,オルナ オーガニック ボタニカル シャンプー／トリートメント 無添加 ノンシリコン アミノ酸 弱酸性 400ml シャンプー トリートメント【 詰め替え用 】 ALLNA ORGANIC,オルナ オーガニック ボタニカル シャンプー／トリートメント 無添加 ノンシリコン アミノ酸 弱酸性 400ml シャンプー トリートメント【 詰め替え用 】 ALLNA ORGANIC,,,
,フィヨーレ Fプロテクト ヘアシャンプー 1000ml ヘアトリートメント 1000g 詰め替え 2点セット,admin,,post,publish,フィヨーレ Fプロテクト ヘアシャンプー 1000ml ヘアトリートメント 1000g 詰め替え 2点セット,フィヨーレ Fプロテクト ヘアシャンプー 1000ml ヘアトリートメント 1000g 詰め替え 2点セット,,,
,抜け毛かゆみにお悩みの方！髪のハリコシ・ボリュームup!アミノ酸 ノンシリコンシャンプー【アロマシャンプー 600mL】女性/頭皮/かゆみ/抜け毛/薄毛/フケ/乾燥/アミノ酸シャンプー/ノンシリコン/シャンプー/スカルプケア/無添加,admin,,post,publish,抜け毛かゆみにお悩みの方！髪のハリコシ・ボリュームup!アミノ酸 ノンシリコンシャンプー【アロマシャンプー 600mL】女性/頭皮/かゆみ/抜け毛/薄毛/フケ/乾燥/アミノ酸シャンプー/ノンシリコン/シャンプー/スカルプケア/無添加,抜け毛かゆみにお悩みの方！髪のハリコシ・ボリュームup!アミノ酸 ノンシリコンシャンプー【アロマシャンプー 600mL】女性/頭皮/かゆみ/抜け毛/薄毛/フケ/乾燥/アミノ酸シャンプー/ノンシリコン/シャンプー/スカルプケア/無添加,,,
,200円OFF！オルナ オーガニック シャンプー & トリートメント 詰め替え セット 無添加 ノンシリコン 400ml&400m ALLNA ORGANIC,admin,,post,publish,200円OFF！オルナ オーガニック シャンプー & トリートメント 詰め替え セット 無添加 ノンシリコン 400ml&400m ALLNA ORGANIC,200円OFF！オルナ オーガニック シャンプー & トリートメント 詰め替え セット 無添加 ノンシリコン 400ml&400m ALLNA ORGANIC,,,
,【業務用】ルベル ナチュラルヘアトリートメント ウィズ RP ライスプロテイン 1600mL リフィル 詰替用,admin,,post,publish,【業務用】ルベル ナチュラルヘアトリートメント ウィズ RP ライスプロテイン 1600mL リフィル 詰替用,【業務用】ルベル ナチュラルヘアトリートメント ウィズ RP ライスプロテイン 1600mL リフィル 詰替用,,,
,ボタニカル シャンプー／コンディショナー【プリュ ナチュラルオリジン モイスト＆リペア（500ml）】アミノ酸　ヘアケア　ノンシリコンシャンプー　ランキング[通][TM]【コンビニ受取可能】,admin,,post,publish,ボタニカル シャンプー／コンディショナー【プリュ ナチュラルオリジン モイスト＆リペア（500ml）】アミノ酸　ヘアケア　ノンシリコンシャンプー　ランキング[通][TM]【コンビニ受取可能】,ボタニカル シャンプー／コンディショナー【プリュ ナチュラルオリジン モイスト＆リペア（500ml）】アミノ酸　ヘアケア　ノンシリコンシャンプー　ランキング[通][TM]【コンビニ受取可能】,,,
,【企画品】ティモテ ローズ シャンプー+トリートメント お試し容量 ポンプペア(400g+400g)【ティモテ(Timotei)】,admin,,post,publish,【企画品】ティモテ ローズ シャンプー+トリートメント お試し容量 ポンプペア(400g+400g)【ティモテ(Timotei)】,【企画品】ティモテ ローズ シャンプー+トリートメント お試し容量 ポンプペア(400g+400g)【ティモテ(Timotei)】,,,
,★CLAYGE クレージュ シャンプー トリートメント セット ノンシリコンシャンプー 各500ml 楽天1位 アミノ酸シャンプー,admin,,post,publish,★CLAYGE クレージュ シャンプー トリートメント セット ノンシリコンシャンプー 各500ml 楽天1位 アミノ酸シャンプー,★CLAYGE クレージュ シャンプー トリートメント セット ノンシリコンシャンプー 各500ml 楽天1位 アミノ酸シャンプー,,,
,【あす楽対応】【期間限定特価】4本フリーチョイス♪【送料無料】Lebel ルベル ナチュラルヘアソープ ウィズ シャンプー・トリートメント セット1600ml【smtb-tk】,admin,,post,publish,【あす楽対応】【期間限定特価】4本フリーチョイス♪【送料無料】Lebel ルベル ナチュラルヘアソープ ウィズ シャンプー・トリートメント セット1600ml【smtb-tk】,【あす楽対応】【期間限定特価】4本フリーチョイス♪【送料無料】Lebel ルベル ナチュラルヘアソープ ウィズ シャンプー・トリートメント セット1600ml【smtb-tk】,,,
,ルベル IAU イオ ホームケア 600mL 2点セット ポンプタイプ＜リラックスメント｜クリアメント｜シルキーリペア｜メルトリペア＞自由選択　セットでお得！シャンプー｜トリートメント,admin,,post,publish,ルベル IAU イオ ホームケア 600mL 2点セット ポンプタイプ＜リラックスメント｜クリアメント｜シルキーリペア｜メルトリペア＞自由選択　セットでお得！シャンプー｜トリートメント,ルベル IAU イオ ホームケア 600mL 2点セット ポンプタイプ＜リラックスメント｜クリアメント｜シルキーリペア｜メルトリペア＞自由選択　セットでお得！シャンプー｜トリートメント,,,
,【ポイント最大39倍／送料無料】ポリピュアEX スカルプシャンプー[脂性肌用/乾燥肌用]お得な3本セット 人気 育毛シャンプー 薬用シャンプー 男性用シャンプー 抜け毛 薄毛 頭皮ケア ふけかゆみ メンズ スカルプケア オイリー ヘアケア ノンシリコン,admin,,post,publish,【ポイント最大39倍／送料無料】ポリピュアEX スカルプシャンプー[脂性肌用/乾燥肌用]お得な3本セット 人気 育毛シャンプー 薬用シャンプー 男性用シャンプー 抜け毛 薄毛 頭皮ケア ふけかゆみ メンズ スカルプケア オイリー ヘアケア ノンシリコン,【ポイント最大39倍／送料無料】ポリピュアEX スカルプシャンプー[脂性肌用/乾燥肌用]お得な3本セット 人気 育毛シャンプー 薬用シャンプー 男性用シャンプー 抜け毛 薄毛 頭皮ケア ふけかゆみ メンズ スカルプケア オイリー ヘアケア ノンシリコン,,,
,〇［QUEEN'S BATHROOM クイーンズバスルーム薬用ヘアソープ 1000ml］（大容量詰め替えパック）シャンプー ヘアケア アミノ酸 ノンシリコン,admin,,post,publish,〇［QUEEN'S BATHROOM クイーンズバスルーム薬用ヘアソープ 1000ml］（大容量詰め替えパック）シャンプー ヘアケア アミノ酸 ノンシリコン,〇［QUEEN'S BATHROOM クイーンズバスルーム薬用ヘアソープ 1000ml］（大容量詰め替えパック）シャンプー ヘアケア アミノ酸 ノンシリコン,,,
,【アウトレット】メリット シャンプー つめかえ用(1.2L)【メリット】,admin,,post,publish,【アウトレット】メリット シャンプー つめかえ用(1.2L)【メリット】,【アウトレット】メリット シャンプー つめかえ用(1.2L)【メリット】,,,
,送料無料！初回返金保証 チャップアップ(CHAP UP)シャンプー3本セット メンズ スカルプシャンプー ノンシリコン アミノ酸 弱酸性 男性用,admin,,post,publish,送料無料！初回返金保証 チャップアップ(CHAP UP)シャンプー3本セット メンズ スカルプシャンプー ノンシリコン アミノ酸 弱酸性 男性用,送料無料！初回返金保証 チャップアップ(CHAP UP)シャンプー3本セット メンズ スカルプシャンプー ノンシリコン アミノ酸 弱酸性 男性用,,,
,パンテーン エクストラダメージケア シャンプー 詰替 超特大(2L)【PANTENE(パンテーン)】,admin,,post,publish,パンテーン エクストラダメージケア シャンプー 詰替 超特大(2L)【PANTENE(パンテーン)】,パンテーン エクストラダメージケア シャンプー 詰替 超特大(2L)【PANTENE(パンテーン)】,,,
,【企画品】ラックス ルミニーク ボタニカルピュア ポンプペア(450g+450g)【ラックス(LUX)】,admin,,post,publish,【企画品】ラックス ルミニーク ボタニカルピュア ポンプペア(450g+450g)【ラックス(LUX)】,【企画品】ラックス ルミニーク ボタニカルピュア ポンプペア(450g+450g)【ラックス(LUX)】,,,
,【送料無料】ルベル IAU イオ ホームケア 1000mL 詰め替え用 2点 セット｜ルベル イオ シャンプー トリートメント 選べるセット｜ルベル イオ おすすめ サロン専売｜ルベル シャンプー｜ルベル トリートメント｜iau｜,admin,,post,publish,【送料無料】ルベル IAU イオ ホームケア 1000mL 詰め替え用 2点 セット｜ルベル イオ シャンプー トリートメント 選べるセット｜ルベル イオ おすすめ サロン専売｜ルベル シャンプー｜ルベル トリートメント｜iau｜,【送料無料】ルベル IAU イオ ホームケア 1000mL 詰め替え用 2点 セット｜ルベル イオ シャンプー トリートメント 選べるセット｜ルベル イオ おすすめ サロン専売｜ルベル シャンプー｜ルベル トリートメント｜iau｜,,,
